qid,docid,docno,rank,score,query
1,3050,3050,0,11.01017387922721,campione
1,3049,3049,1,7.036441152766031,campione
